strasse,massnahme,dauer,arbeiten,bautraeger
ABC-Str. 5-9,Vollsperrung Fahrbahn,26. Mai 2025 bis 27. Juni 2025,"Autokran, Baumaterial, Container (Schüttgütern), Hubsteiger, Schrägaufzug",
Alarichstr.,"Vollsperrung Fahrbahn, Vollsperrung Gehweg",10. Juni 2025 bis 20. Juni 2025,Straßenbauarbeiten,Stadt Bochum
Alleestraße zwischen Bessemer Straße und Westring,"Vollsperrung Fahrbahn, Einsatz Lichtsignalanlage, Verengung 2 auf 1, Beschränkung auf 30 km/h, Halbseitige Sperrung Fahrbahn",6. April 2024 bis 31. Juli 2027,"Kanalbauarbeiten, Straßenbauarbeiten, Versorgungsleitungsbauarbeiten",Stadt Bochum
Alte Ümminger Str.,Vollsperrung Fahrbahn,21. Mai 2025 bis 20. Juni 2025,Kanalbauarbeiten,Stadt Bochum
Alte Werner Str. Ecke Harpener Hellweg,Vollsperrung Fahrbahn,17. Februar 2025 bis 13. Juni 2025,Glasfaser,Glasfaser Ruhr GmbH & Co. KG
Am Bremkamp,Vollsperrung Fahrbahn,7. April 2025 bis 30. Juni 2025,Bergbauliche Sicherungsarbeiten,Stadt Bochum
Am Hahl im Welperschen Welperstr,Vollsperrung Fahrbahn,16. Mai 2023 bis 31. Oktober 2025,Straßenbauarbeiten,Stadt Bochum
Am Hedtberg 75 bis Hasenwinkeler Str.,Vollsperrung Fahrbahn,20. Januar 2025 bis 3. Juli 2025,Glasfaser,Glasfaser Ruhr GmbH & Co. KG
Am Hohberg,Vollsperrung Fahrbahn,13. November 2023 bis 30. September 2025,Einsturzgefahr,
Am Kreuzacker von Laerfeldstr. bis Alte Wittener Str.,"Vollsperrung Fahrbahn, Beeinträchtigung ÖPNV, teilweise Sperrung Fahrbahn",26. Mai 2025 bis 12. Juni 2025,Straßenbauarbeiten,Stadt Bochum
Am Mühlenbach 8,Vollsperrung Fahrbahn,20. Mai 2025 bis 17. Juni 2025,Gasleitung,Stadtwerke Bochum Netz GmbH
Am Varenholt 52 - 60,Vollsperrung Fahrbahn,26. Mai 2025 bis 18. Juni 2025,Sonstiges,Stadt Bochum
An der Holtbrügge,Halbseitige Sperrung Fahrbahn,26. Mai 2025 bis 13. Juni 2025,Straßenbauarbeiten,Stadt Bochum
An der Maarbrücke (Einmündung Gahlensche Str.),"Vollsperrung Fahrbahn, Beschränkung auf 30 km/h, Vollsperrung Radweg, teilweise Sperrung Fahrbahn",16. Mai 2025 bis 6. Juli 2025,Rohrbruch,Stadtwerke Bochum Netz GmbH
Auf dem Gericht,Vollsperrung Fahrbahn,10. Februar 2025 bis 28. November 2025,Kanalbauarbeiten,Stadt Bochum
Auf dem Jäger (Höhe DB-Brücke),Einbahnstraße,23. Juni 2025 bis 28. Juni 2025,"Brückenprüfung, Hubsteiger",DB Fahrwegdienste GmbH
Bauernkamp 1 bis 3 (25 m),Vollsperrung Fahrbahn,11. Oktober 2024 bis 31. Dezember 2025,"Einsturzgefahr, Tagesbruch",
Berthastr. 6 bis 46 (430 m),"Beschränkung auf 30 km/h, teilweise Sperrung Fahrbahn, Vollsperrung Gehweg",27. März 2025 bis 26. Juni 2025,"Haltverbot VZ283, LWL, z.B. Glasfaser",Glasfaser Ruhr GmbH & Co. KG
Berthastr. 6 bis ggü (6 m),"Beschränkung auf 30 km/h, Halbseitige Sperrung Fahrbahn",24. März 2025 bis 16. Juni 2025,"Haltverbot VZ283, LWL, z.B. Glasfaser",Glasfaser Ruhr GmbH & Co. KG
Bessemerstraße zwischen Baarestraße und Henry-Bessemer-Park,"Verengung 2 auf 1, Beschränkung auf 30 km/h",18. März 2024 bis 11. August 2025,Kanalbauarbeiten,Stadt Bochum
Blumenfeldstr. 185,Halbseitige Sperrung Fahrbahn,30. Oktober 2024 bis 1. Januar 1904,Tagesbruch,
Bonifatiusstr. 31,"Halbseitige Sperrung Fahrbahn, Restfahrbahnbreite 3,0m i.L.",13. Februar 2025 bis 7. Juli 2025,"LWL, z.B. Glasfaser",Glasfaser Ruhr GmbH & Co. KG
Bonifatiusstr. seitlich Stockumer Str. 33 bis seitlich Nr. 31,"Halbseitige Sperrung Fahrbahn, teilweise Sperrung Fahrbahn, Restfahrbahnbreite 3,0m i.L.",13. Februar 2025 bis 7. Juli 2025,"LWL, z.B. Glasfaser",Glasfaser Ruhr GmbH & Co. KG
Castroper Hellweg,"Vollsperrung Fahrbahn, Halbseitige Sperrung Fahrbahn",10. Juni 2025 bis 26. Juni 2025,Straßenbauarbeiten,Stadt Bochum
Castroper Hellweg / Heinrichstr. / Schwerinstr. (SZG Umbau),"Verengung 2 auf 1, teilweise Sperrung Fahrbahn, Vollsperrung Gehweg",5. Juli 2021 bis 30. Juni 2026,"Baumaßnahme Stadt Bochum, Baustellen Ein- u. Ausfahrt, Bauzaun",
Castroper Straße zwischen Stadionring und I.Parallelstraße,"Vollsperrung einer Richtungsfahrbahn, Spurverlegung",11. Juni 2025 bis 4. Juli 2025,"Deckensanierung, Gleisarbeiten",Stadt Bochum
Centrumstraße Höhe Hansastraße, Darpestraße Höhe A40,"Einsatz Lichtsignalanlage, Beschränkung auf 30 km/h, Halbseitige Sperrung Fahrbahn",25. November 2024 bis 31. Juli 2025,"Straßenbauarbeiten, Versorgungsleitungsbauarbeiten",Stadt Bochum
Dachsweg 1,Vollsperrung Fahrbahn,25. März 2025 bis 16. Juni 2025,Glasfaser,Glasfaser Ruhr GmbH & Co. KG
Darpestr. 4 bis Einmündung Carolinienglückstraße (700 m),"Einsatz Lichtsignalanlage, Halbseitige Sperrung Fahrbahn, Vollsperrung Gehweg",10. Juni 2025 bis 30. Juni 2025,"LWL, z.B. Glasfaser",Glasfaser Ruhr GmbH & Co. KG
Dietrich-Benking-Str./Am Alten Lothringer Schacht,"Einsatz Lichtsignalanlage, teilweise Sperrung Fahrbahn, Vollsperrung Gehweg",25. Februar 2025 bis 13. Juni 2025,Versorgungsleitungsbauarbeiten,Stadtwerke Bochum Netz GmbH
Donnerbecke 82a - Wuppertaler Str. (Wanderbaustelle),"Vollsperrung Fahrbahn, Nur bestimmte Uhrzeit",2. Januar 2025 bis 14. Juni 2025,Glasfaser,Demirovic, Rahman
Donnerbecke 97 bis Einmündung Lindener Str. gem. Lageplan,"Halbseitige Sperrung Fahrbahn, Restfahrbahnbreite 3,0m i.L., Fußgänger auf Fahrbahn",28. November 2024 bis 14. Juni 2025,Glasfaser,Glasfaser Ruhr GmbH & Co. KG
Dorstener Str. / Dinnendahlstr.,Verengung 2 auf 1,4. Juni 2025 bis 27. Juni 2025,Glasfaser,Glasfaser Ruhr GmbH & Co. KG
Freigrafendamm zwischen Immanuel-Kant- und Liebfrauenstraße,Vollsperrung Fahrbahn,5. Mai 2025 bis 28. Juni 2025,Kanalsanierung,Stadt Bochum
Fritz-Reuter-Str. 46,"Vollsperrung Fahrbahn, Beeinträchtigung ÖPNV, Vollsperrung Gehweg",6. Mai 2025 bis 30. Juni 2025,Sondierung,Stadtwerke Bochum Netz GmbH
Gabelsbergerstr. von Hugo-Schultz-Str. bis Friederikastr. 66,"Vollsperrung Fahrbahn, Einbahnstraße, teilweise Sperrung Fahrbahn, teilweise Sperrung Gehweg",5. Juni 2025 bis 25. Juli 2025,Fernwärmeleitung,Stadtwerke Bochum Netz GmbH
Günnigfelder Str. 4 bis Parkallee,"Halbseitige Sperrung Fahrbahn, Vollsperrung Gehweg",22. April 2025 bis 23. Juni 2025,Glasfaser,Glasfaser Ruhr GmbH & Co. KG
Günnigfelder Straße zwischen Kirchstraße und Kruppstraße sowie Parkallee,Vollsperrung Fahrbahn,14. Oktober 2024 bis 29. August 2025,Kanalbauarbeiten,Stadt Bochum
Gußstahlstaße zwischen Haus Nr. 45 und Westring,Vollsperrung Fahrbahn,17. März 2025 bis 31. Mai 2026,"Kanalbauarbeiten, Straßenbauarbeiten, Versorgungsleitungsbauarbeiten",Stadt Bochum
Gustavstr.,Vollsperrung Fahrbahn,28. April 2025 bis 28. Februar 2026,Kanalbauarbeiten,Stadt Bochum
Hansastr. (zwischen Wattenscheider Str. & Gewerbestr.),"Einsatz Lichtsignalanlage, Halbseitige Sperrung Fahrbahn",10. Juni 2025 bis 13. Juni 2025,Grünschnitt,
Harpener Hellweg (Neubau Polizeipräsidium),Einsatz Lichtsignalanlage,24. Februar 2025 bis 26. Februar 2027,Baustellen Ein- u. Ausfahrt,
Hauptstr. 270 - 306,Einsatz Lichtsignalanlage,10. Juni 2025 bis 4. Juli 2025,Glasfaser,RD Glasfaser GmbH
Heidackerstr. 59 bis 61 (Fahrbahnquerung halbseitig),Halbseitige Sperrung Fahrbahn,5. Mai 2025 bis 2. Juli 2025,"LWL, z.B. Glasfaser",Glasfaser Ruhr GmbH & Co. KG
Herderallee zwischen Lessing- und Bergstraße,Vollsperrung Fahrbahn,13. Januar 2025 bis 29. August 2025,Kanalbauarbeiten,Stadt Bochum Tiefbauamt
Herzogstr.im Bereich Haus Nr. 36 ; Bergmannstraße ggü. Haus Nr. 37a ; Bleckstraße Höhe Pumpwerk,"Vollsperrung Fahrbahn, Beschränkung auf 30 km/h, Halbseitige Sperrung Fahrbahn",10. Januar 2024 bis 31. Juli 2025,Kanalbauarbeiten,Stadt Bochum
Hilligenstr. 2,"Halbseitige Sperrung Fahrbahn, teilweise Sperrung Gehweg",31. Juli 2024 bis 30. Juni 2025,Stromleitung,Stadtwerke Bochum Netz GmbH
Hiltroper Landwehr zwischen Castroper Hellweg und Haus Nr. 32,"Einsatz Lichtsignalanlage, teilweise Sperrung Gehweg",19. Mai 2025 bis 27. Juni 2025,Gehwegarbeiten,Stadt Bochum
Hordeler Heide (Querung zwischen Mündung Wasserbankstr. /Bushaltestelle Hordeler Heide),Halbseitige Sperrung Fahrbahn,26. Mai 2025 bis 20. Juni 2025,"Haltverbot VZ283, LWL, z.B. Glasfaser",Glasfaser Ruhr GmbH & Co. KG
Hordeler Heide 150 auf 167,Halbseitige Sperrung Fahrbahn,26. Mai 2025 bis 9. Juli 2025,"Haltverbot VZ283, LWL, z.B. Glasfaser",Glasfaser Ruhr GmbH & Co. KG
Husemannplatz (einschl. BE Viktoriastraße),"Vollsperrung Fahrbahn, Verengung 2 auf 1, teilweise Sperrung Gehweg",4. Mai 2023 bis 29. Mai 2026,"Abbrucharbeiten, Abdichtarbeiten, Baustelleneinrichtungsfläche, Straßenbauarbeiten, Versorgungsleitungsbauarbeiten",Stadt Bochum
Im Großen Busch,Vollsperrung Fahrbahn,5. Juni 2025 bis 25. Juli 2025,Sanierung Schachtdeckel,Stadt Bochum
Imbuschplatz 2,"Einbahnstraße, Halbseitige Sperrung Fahrbahn, Vollsperrung Gehweg",3. März 2025 bis 6. Juli 2025,"Baumaterial, Baustelleneinrichtungsfläche, Container, Schrägaufzug",
In der Schornau (von DB-Brücke bis Friedrich-Geißel-Straße),Einbahnstraße,31. März 2025 bis 20. Juni 2025,Wasserleitung,Stadtwerke Bochum Netz GmbH / Stadtwe...
In der Schornau (von Hauptstr. bis DB-Brücke),Einbahnstraße,19. Mai 2025 bis 7. August 2025,Wasserleitung,Stadtwerke Bochum Netz GmbH / Stadtwe...
Kaltehardtstr. 1 - 83,"Einsatz Lichtsignalanlage, Vollsperrung Gehweg",2. Juni 2025 bis 13. Juni 2025,Glasfaser,Glasfaser Ruhr GmbH & Co. KG
Karolinenstr. 93 auf 78,Halbseitige Sperrung Fahrbahn,19. März 2025 bis 1. Juli 2025,"Haltverbot VZ283, LWL, z.B. Glasfaser",Glasfaser Ruhr GmbH & Co. KG
Keilstr. 50-66,"Einbahnstraße, Beeinträchtigung ÖPNV, Vollsperrung Gehweg",27. August 2024 bis 30. Juni 2025,Versorgungsleitungsbauarbeiten,
Königsallee zw. Arnikastraße und Wasserstraße,"Vollsperrung Fahrbahn, Einbahnstraße, Beschränkung auf 30 km/h, Spurverlegung",14. November 2022 bis 25. Juli 2025,"Straßenbauarbeiten, Versorgungsleitungsbauarbeiten",Stadt Bochum
Kretastraße / Auf dem Gericht,Vollsperrung Fahrbahn,10. Februar 2025 bis 28. November 2025,Kanalbauarbeiten,Stadt Bochum
Lewackerstr.,Vollsperrung Fahrbahn,10. Juni 2025 bis 16. Juni 2025,Deckensanierung,Stadt Bochum
LSA Wartung,"Einsatz Lichtsignalanlage, teilweise Sperrung Fahrbahn",2. Juni 2025 bis 27. Juni 2025,LSA-Wartung,Stadt Bochum
Lütge Heide 8,Vollsperrung Fahrbahn,10. Juni 2025 bis 27. Juni 2025,Kanalhausanschluss,
Mausegatt 14,Halbseitige Sperrung Fahrbahn,20. Juni 2025 bis 20. Juni 2025,Hubsteiger,
Munscheider Damm (Neveltalbrücke) gem. Plan,"Einsatz Lichtsignalanlage, Beschränkung auf 30 km/h",6. Januar 2025 bis 31. Dezember 2025,"Baustellen Ein- u. Ausfahrt, Brückenbauarbeiten",Straßen.NRW
Muschelbank 0 (40 m),Vollsperrung Fahrbahn,22. April 2025 bis 16. Juni 2025,"LWL, z.B. Glasfaser",Glasfaser Ruhr GmbH & Co. KG
Muschelbank 1 bis 17 (150 m),Vollsperrung Fahrbahn,28. April 2025 bis 26. Juni 2025,"Haltverbot VZ283, LWL, z.B. Glasfaser",Glasfaser Ruhr GmbH & Co. KG
Nordring 30-49; Schillerstr. 20; Widumestr. 6,"Vollsperrung Fahrbahn, Verengung 2 auf 1",12. Mai 2025 bis 23. August 2025,Straßenbauarbeiten,Stadt Bochum
Obernbaakstr. 66 - Rauendahlstr. (Wanderbaustelle),"Vollsperrung Fahrbahn, Nur bestimmte Uhrzeit",2. Januar 2025 bis 14. Juni 2025,Glasfaser,Glasfaser Ruhr GmbH & Co. KG
Oberstr. 2 - 4; Alte Bahnhofstr. 1 - 7,Vollsperrung Fahrbahn,28. April 2025 bis 16. Juni 2025,Glasfaser,Glasfaser Ruhr GmbH & Co. KG
Overdyker Str. 39 bis 41 (hier Fahrbahn am Hangenden),Vollsperrung Fahrbahn,6. März 2025 bis 1. Juli 2025,"LWL, z.B. Glasfaser",Glasfaser Ruhr GmbH & Co. KG
Overdyker Str. 8 bis 7 (7 m),"Halbseitige Sperrung Fahrbahn, Restfahrbahnbreite 3,0m i.L.",30. Januar 2025 bis 1. Juli 2025,"LWL, z.B. Glasfaser",Glasfaser Ruhr GmbH & Co. KG
Poststr. 151 (lt. Plan),Vollsperrung Fahrbahn,17. März 2025 bis 14. Juni 2025,Sondierungsbohrungen Versorgungleitungen,Glasfaser Ruhr GmbH & Co. KG
Ridderstr.,"Einsatz Lichtsignalanlage, teilweise Sperrung Fahrbahn, Vollsperrung Gehweg",11. Februar 2025 bis 28. Februar 2026,Sonstiges,Stadt Bochum
Ridderstr.24 - Kreuzungsbereich Wilhelm-Leithe-Weg,Vollsperrung Fahrbahn,22. Mai 2025 bis 18. Juli 2025,Kanalarbeiten,
Ruhrstr. 208,"Beschränkung auf 30 km/h, teilweise Sperrung Fahrbahn, teilweise Sperrung Gehweg",25. März 2025 bis 28. Juni 2025,"Baustelleneinrichtungsfläche, Sonstiges",
Rüsingstr./Ecke Werner Hellweg,Einbahnstraße,16. September 2024 bis 15. Juni 2025,"Stromleitung, Wasserleitung",Stadtwerke Bochum Netz GmbH
Saure Wiese (Grünfläche zwischen der Essener Straße und der Straße Steinhagen) sowie Zufahrt via Steinhagen,"Halbseitige Sperrung Fahrbahn, Vollsperrung Gehweg, Nur bestimmte Uhrzeit, Beschränkung auf 40 km/h",3. März 2025 bis 30. September 2027,Kanalbauarbeiten,Stadt Bochum
Schattbachstr.,"Verengung 2 auf 1, Halbseitige Sperrung Fahrbahn",19. Mai 2025 bis 29. August 2025,Sonstiges,Stadt Bochum
Schluchtstr. 29 bis 2,Vollsperrung Fahrbahn,16. Juni 2025 bis 11. Juli 2025,Glasfaser,Glasfaser Ruhr GmbH & Co. KG
Schoppenkampstr. (Querung neben Hordeler Heide 165 auf ggü.),Halbseitige Sperrung Fahrbahn,26. Mai 2025 bis 9. Juli 2025,"Haltverbot VZ283, LWL, z.B. Glasfaser",Glasfaser Ruhr GmbH & Co. KG
Sechs-Brüder-Str. 107 - ggü (6 m),"Halbseitige Sperrung Fahrbahn, Restfahrbahnbreite 3,0m i.L.",24. März 2025 bis 14. Juli 2025,"Haltverbot VZ283, LWL, z.B. Glasfaser",Glasfaser Ruhr GmbH & Co. KG
Spelbergs Busch 1-31 und ggü.,"Einbahnstraße, Halbseitige Sperrung Fahrbahn, teilweise Sperrung Fahrbahn, Vollsperrung Gehweg, teilweise Sperrung Gehweg",15. Mai 2025 bis 15. Juli 2025,Wasserleitung,Stadtwerke Bochum Netz GmbH
Springorumtrasse (zw. Wasserstr. 223 und Springorumallee),"Relevant für Pressefilter, Vollsperrung Radweg",28. Mai 2025 bis 21. Juli 2025,Beleuchtungsmaste erneuern,
Springorumtrasse Vollsperrung zwischen Glockengarten und Goerdtstraße,"Vollsperrung Fahrbahn, Vollsperrung Radweg",8. April 2024 bis 30. Juni 2025,Kanalbauarbeiten,Stadt Bochum
Steinhausstraße Höhe Haus Nr. 65 - 71, Steinhausstraße Höhe Parkstraße, Blücherstraße Höhe USB Wertstoffhof,"Vollsperrung Fahrbahn, Vollsperrung Radweg",4. Dezember 2024 bis 31. Juli 2025,"Baustellen Ein- u. Ausfahrt, Baustellenüberfahrt",Stadt Bochum
Stennerskuhlstr. 12 bis 37,Halbseitige Sperrung Fahrbahn,3. März 2025 bis 21. Juni 2025,Glasfaser,Glasfaser Ruhr GmbH & Co. KG
Stephanstr.,"Vollsperrung Fahrbahn, teilweise Sperrung Fahrbahn, teilweise Sperrung Gehweg",13. November 2023 bis 30. Juni 2025,Straßenbauarbeiten,Stadt Bochum
Stiftstr. 13,Halbseitige Sperrung Fahrbahn,13. Januar 2025 bis 23. Juni 2025,Glasfaser,Glasfaser Ruhr GmbH & Co. KG
Stockumer Str. 115 - 135; Breite Hille,"Vollsperrung Fahrbahn, Einsatz Lichtsignalanlage",10. März 2025 bis 16. Juni 2025,Glasfaser,Glasfaser Ruhr GmbH & Co. KG
Veloroute über Vierhausstr. Lessingstr, Agnesstr und Wielandstr.,"Vollsperrung Fahrbahn, Einsatz Lichtsignalanlage, Halbseitige Sperrung Fahrbahn, Vollsperrung Radweg, Vollsperrung Gehweg, teil",5. Mai 2025 bis 31. August 2025,Straßenbauarbeiten,Stadt Bochum
Voedestr. 29,Vollsperrung Fahrbahn,30. Oktober 2024 bis 31. Dezember 2025,Tagesbruch,Stadt Bochum
Vorm Felde 11 a bis Brockhauser Str.,Vollsperrung Fahrbahn,2. Juni 2025 bis 29. August 2025,Versorgungsleitungsbauarbeiten,Stadtwerke Bochum Netz GmbH
Waldstr.,"Vollsperrung Fahrbahn, Halbseitige Sperrung Fahrbahn, teilweise Sperrung Gehweg",7. Mai 2024 bis 30. Juni 2025,Kanalbauarbeiten,Stadt Bochum
Weg am Kötterberg / Hiltroper Str.,"Einsatz Lichtsignalanlage, teilweise Sperrung Fahrbahn, Vollsperrung Gehweg",14. April 2025 bis 26. September 2025,Versorgungsleitungsbauarbeiten,Stadtwerke Bochum Netz GmbH
Wittener Str. 526,"Beschränkung auf 30 km/h, Halbseitige Sperrung Fahrbahn",2. Juni 2025 bis 13. Juni 2025,Suchschachtung,Stadt Bochum